estate,endpoints,live_rows,no_version_pct,R_scannable,U_items,G_products,rho_item,rho_group,reduction_pct
E1,176,15006,38.2,9271,1510,1011,6.1,1.49,83.7
E3,957,198835,59.1,81368,4741,2946,17.2,1.61,94.2
E4,88,5979,0.7,5940,721,432,8.2,1.67,87.9
E5,183,14125,7.1,13120,2377,1524,5.5,1.56,81.9
E6,526,52583,33.9,34779,4632,3123,7.5,1.48,86.7
E7,79,6447,16.0,5417,1629,1200,3.3,1.36,69.9
E8,361,37336,37.6,23282,3316,2162,7.0,1.53,85.8
E9,155,6607,4.5,6311,1635,1026,3.9,1.59,74.1
Pooled,2525,336918,46.7,179488,20561,13424,8.7,1.53,88.5
