# Figure 1: Fan-out concentration curves for E3, E6, E8, E7 (Section 4.5)
# X-axis: items consumed (% of U, descending fan-out)
# Y-axis: rows covered (% of R)
# Format: estate,items_consumed_pct,rows_covered_pct

estate,items_consumed_pct,rows_covered_pct
E3,0.0,0.0
E3,1.7,74.5
E3,10,84
E3,20,89
E3,40,93
E3,60,95
E3,80,97
E3,100,100
E6,0.0,0.0
E6,1,43.5
E6,5,67.2
E6,10,75.6
E6,20,82
E6,40,88
E6,60,92
E6,80,96
E6,100,100
E8,0.0,0.0
E8,1,41.3
E8,5,66.7
E8,10,76.5
E8,20,83
E8,40,89
E8,60,93
E8,80,96
E8,100,100
E7,0.0,0.0
E7,1,14.1
E7,5,33.5
E7,10,43.1
E7,20,55
E7,40,70
E7,60,82
E7,80,91
E7,100,100
